{"cameraMode":{"drawMode":0,"name":"Shaded","section":"Shading Mode"},"sceneLighting":false,"audioPlay":false,"sceneViewState":{"showFog":true,"showMaterialUpdate":false,"showSkybox":false,"showFlares":true,"showImageEffects":true,"showParticleSystems":true},"in2DMode":false,"pivot":{"x":46.02936553955078,"y":3.8042616844177248,"z":-17.399999618530275},"rotation":{"x":-0.042146485298871997,"y":0.957059383392334,"z":-0.18188883364200593,"w":-0.2217680662870407},"size":29.777679443359376,"orthographic":false}