{"cameraMode":{"drawMode":0,"name":"Shaded","section":"Shading Mode"},"sceneLighting":false,"audioPlay":false,"sceneViewState":{"showFog":true,"showMaterialUpdate":false,"showSkybox":false,"showFlares":true,"showImageEffects":true,"showParticleSystems":true},"in2DMode":false,"pivot":{"x":-1.863271951675415,"y":0.5723269581794739,"z":-1.3396281003952027},"rotation":{"x":-0.07112625241279602,"y":0.9186564683914185,"z":-0.3367013931274414,"w":-0.19407638907432557},"size":6.271485805511475,"orthographic":false}